id,Product Name,Brand,Main Category,Subcategory,Size / Unit,Price,Benchmark Price,Benchmark Source,Benchmark URL,Last Checked,Pricing Note
golden-penny-spaghetti-500g,Golden Penny Spaghetti,Golden Penny,Foodstuffs,Pasta,500g,1295,,,,,
mama-s-pride-spaghetti-500g,Mama's Pride Spaghetti,Mama's Pride,Foodstuffs,Pasta,500g,1310,,,,,
honeywell-spaghetti-500g,Honeywell Spaghetti,Honeywell,Foodstuffs,Pasta,500g,1250,,,,,
dangote-spaghetti-500g,Dangote Spaghetti,Dangote,Foodstuffs,Pasta,500g,1250,,,,,
golden-penny-macaroni-500g,Golden Penny Macaroni,Golden Penny,Foodstuffs,Pasta,500g,1295,,,,,
power-pasta-spaghetti-500g,Power Pasta Spaghetti,Power Pasta,Foodstuffs,Pasta,500g,1200,,,,,
barilla-spaghetti-no-5-500g,Barilla Spaghetti No.5,Barilla,Foodstuffs,Pasta,500g,3995,,,,,
caprice-parboiled-rice-5kg,Caprice Parboiled Rice,Caprice,Foodstuffs,Rice,5kg,9000,,,,,
mama-gold-rice-5kg,Mama Gold Rice,Mama Gold,Foodstuffs,Rice,5kg,12500,,,,,
royal-stallion-rice-5kg,Royal Stallion Rice,Royal Stallion,Foodstuffs,Rice,5kg,13000,,,,,
big-bull-rice-5kg,Big Bull Rice,Big Bull,Foodstuffs,Rice,5kg,12500,,,,,
basmati-rice-5kg,Basmati Rice,Tilda,Foodstuffs,Rice,5kg,42000,,,,,
aeroplane-basmati-rice-5kg,Aeroplane Basmati Rice,Aeroplane,Foodstuffs,Rice,5kg,28500,,,,,
tropical-sun-golden-sella-basmati-rice-2kg,Tropical Sun Golden Sella Basmati Rice,Tropical Sun,Foodstuffs,Rice,2kg,12400,,,,,
gino-viet-fragrant-kdm-rice-5kg,Gino Viet Fragrant KDM Rice,Gino,Foodstuffs,Rice,5kg,24450,,,,,
lamis-parboiled-rice-1kg,Lamis Parboiled Rice,Lamis,Foodstuffs,Rice,1kg,4925,,,,,
indomie-instant-noodles-chicken-70g-x-40,Indomie Instant Noodles Chicken,Indomie,Foodstuffs,Noodles,70g x 40,12200,,,,,
indomie-onion-chicken-noodles-70g-x-40,Indomie Onion Chicken Noodles,Indomie,Foodstuffs,Noodles,70g x 40,11800,,,,,
indomie-super-pack-chicken-120g-x-40,Indomie Super Pack Chicken,Indomie,Foodstuffs,Noodles,120g x 40,18800,,,,,
indomie-bellefull-noodles-305g-x-16,Indomie Bellefull Noodles,Indomie,Foodstuffs,Noodles,305g x 16,21000,,,,,
minimie-instant-noodles-chicken-70g-x-40,Minimie Instant Noodles Chicken,Minimie,Foodstuffs,Noodles,70g x 40,11200,,,,,
mimee-instant-noodles-chicken-70g-x-40,Mimee Instant Noodles Chicken,Mimee,Foodstuffs,Noodles,70g x 40,10800,,,,,
knorr-chicken-cubes-50-cubes,Knorr Chicken Cubes,Knorr,Foodstuffs,Seasoning,50 cubes,2100,,,,,
knorr-beef-cubes-50-cubes,Knorr Beef Cubes,Knorr,Foodstuffs,Seasoning,50 cubes,2100,,,,,
maggi-star-seasoning-cubes-100-cubes,Maggi Star Seasoning Cubes,Maggi,Foodstuffs,Seasoning,100 cubes,3100,,,,,
maggi-chicken-cubes-100-cubes,Maggi Chicken Cubes,Maggi,Foodstuffs,Seasoning,100 cubes,3200,,,,,
royco-chicken-cubes-100-cubes,Royco Chicken Cubes,Royco,Foodstuffs,Seasoning,100 cubes,2800,,,,,
dangote-salt-1kg,Dangote Salt,Dangote,Foodstuffs,Salt & Spices,1kg,750,,,,,
mr-chef-iodized-salt-1kg,Mr Chef Iodized Salt,Mr Chef,Foodstuffs,Salt & Spices,1kg,800,,,,,
gino-tomato-paste-sachet-70g-x-50,Gino Tomato Paste Sachet,Gino,Foodstuffs,Tomato Paste,70g x 50,7200,,,,,
de-rica-tomato-paste-210g,De Rica Tomato Paste,De Rica,Foodstuffs,Tomato Paste,210g,1100,,,,,
tasty-tom-tomato-paste-70g-x-50,Tasty Tom Tomato Paste,Tasty Tom,Foodstuffs,Tomato Paste,70g x 50,7000,,,,,
gino-tomato-paste-tin-210g,Gino Tomato Paste Tin,Gino,Foodstuffs,Tomato Paste,210g,1050,,,,,
power-oil-vegetable-oil-3l,Power Oil Vegetable Oil,Power Oil,Foodstuffs,Cooking Oil,3L,7800,,,,,
kings-vegetable-oil-5l,Kings Vegetable Oil,Kings,Foodstuffs,Cooking Oil,5L,13500,,,,,
devon-king-s-vegetable-oil-5l,Devon King's Vegetable Oil,Devon King's,Foodstuffs,Cooking Oil,5L,13200,,,,,
mamador-vegetable-oil-3-5l,Mamador Vegetable Oil,Mamador,Foodstuffs,Cooking Oil,3.5L,11200,,,,,
grand-pure-soya-oil-5l,Grand Pure Soya Oil,Grand Pure,Foodstuffs,Cooking Oil,5L,13800,,,,,
laziz-palm-oil-4l,Laziz Palm Oil,Laziz,Foodstuffs,Palm Oil,4L,12000,,,,,
ducros-curry-powder-25g,Ducros Curry Powder,Ducros,Foodstuffs,Spices,25g,950,,,,,
ducros-thyme-10g,Ducros Thyme,Ducros,Foodstuffs,Spices,10g,650,,,,,
tiger-curry-powder-25g,Tiger Curry Powder,Tiger,Foodstuffs,Spices,25g,700,,,,,
onga-stew-seasoning-6g-x-50,Onga Stew Seasoning,Onga,Foodstuffs,Seasoning,6g x 50,1800,,,,,
peak-filled-milk-powder-400g,Peak Filled Milk Powder,Peak,Foodstuffs,Milk,400g,6200,,,,,
dano-full-cream-milk-powder-400g,Dano Full Cream Milk Powder,Dano,Foodstuffs,Milk,400g,5800,,,,,
cowbell-milk-powder-sachet-12g-x-20,Cowbell Milk Powder Sachet,Cowbell,Foodstuffs,Milk,12g x 20,1800,,,,,
milo-food-drink-500g,Milo Food Drink,Milo,Foodstuffs,Chocolate Drink,500g,6500,,,,,
bournvita-food-drink-500g,Bournvita Food Drink,Bournvita,Foodstuffs,Chocolate Drink,500g,6200,,,,,
kellogg-s-corn-flakes-500g,Kellogg's Corn Flakes,Kellogg's,Foodstuffs,Breakfast Cereal,500g,6200,,,,,
golden-morn-cereal-900g,Golden Morn Cereal,Golden Morn,Foodstuffs,Breakfast Cereal,900g,6500,,,,,
quaker-oats-tin-500g,Quaker Oats Tin,Quaker,Foodstuffs,Breakfast Cereal,500g,5500,,,,,
blue-band-margarine-250g,Blue Band Margarine,Blue Band,Foodstuffs,Spread,250g,1600,,,,,
nutzy-peanut-butter-510g,Nutzy Peanut Butter,Nutzy,Foodstuffs,Spread,510g,3600,,,,,
honeywell-semolina-1kg,Honeywell Semolina,Honeywell,Foodstuffs,Swallow,1kg,1800,,,,,
golden-penny-semovita-1kg,Golden Penny Semovita,Golden Penny,Foodstuffs,Swallow,1kg,1700,,,,,
familia-toilet-tissue-classic-natural-whiteness-12-rolls,Familia Toilet Tissue Classic Natural Whiteness,Familia,Toiletries,Toilet Tissue,12 rolls,4920,,,,,
boulos-rose-belle-toilet-tissue-12-rolls,Boulos Rose Belle Toilet Tissue,Boulos Rose,Toiletries,Toilet Tissue,12 rolls,6990,,,,,
softwave-toilet-tissue-48-rolls,Softwave Toilet Tissue,Softwave,Toiletries,Toilet Tissue,48 rolls,9980,,,,,
lamis-toilet-tissue-tulip-soft-4-rolls,Lamis Toilet Tissue Tulip Soft,Lamis,Toiletries,Toilet Tissue,4 rolls,4675,,,,,
lamis-toilet-tissue-plus-2-rolls,Lamis Toilet Tissue Plus,Lamis,Toiletries,Toilet Tissue,2 rolls,1210,,,,,
andrex-toilet-tissue-classic-clean-6-rolls,Andrex Toilet Tissue Classic Clean,Andrex,Toiletries,Toilet Tissue,6 rolls,10650,,,,,
papia-premium-toilet-tissue-silky-softness-12-rolls,Papia Premium Toilet Tissue Silky Softness,Papia,Toiletries,Toilet Tissue,12 rolls,2970,,,,,
freedom-inspiration-quilted-soft-tissue-4-rolls,Freedom Inspiration Quilted Soft Tissue,Freedom,Toiletries,Toilet Tissue,4 rolls,1200,,,,,
dettol-original-antibacterial-soap-110g-x-6,Dettol Original Antibacterial Soap,Dettol,Toiletries,Bath Soap,110g x 6,4200,,,,,
premier-cool-soap-110g-x-6,Premier Cool Soap,Premier Cool,Toiletries,Bath Soap,110g x 6,3600,,,,,
imperial-leather-soap-125g-x-6,Imperial Leather Soap,Imperial Leather,Toiletries,Bath Soap,125g x 6,3900,,,,,
eva-complexion-care-soap-150g-x-6,Eva Complexion Care Soap,Eva,Toiletries,Bath Soap,150g x 6,3400,,,,,
dove-beauty-bar-100g-x-4,Dove Beauty Bar,Dove,Toiletries,Bath Soap,100g x 4,6800,,,,,
cussons-baby-soap-75g-x-6,Cussons Baby Soap,Cussons,Toiletries,Bath Soap,75g x 6,3600,,,,,
closeup-toothpaste-deep-action-140g,Closeup Toothpaste Deep Action,Closeup,Toiletries,Oral Care,140g,2500,,,,,
colgate-maximum-cavity-protection-140g,Colgate Maximum Cavity Protection,Colgate,Toiletries,Oral Care,140g,2700,,,,,
pepsodent-cavity-fighter-toothpaste-140g,Pepsodent Cavity Fighter Toothpaste,Pepsodent,Toiletries,Oral Care,140g,2300,,,,,
oral-b-toothbrush-medium-1-piece,Oral-B Toothbrush Medium,Oral-B,Toiletries,Oral Care,1 piece,1200,,,,,
colgate-toothbrush-medium-1-piece,Colgate Toothbrush Medium,Colgate,Toiletries,Oral Care,1 piece,1000,,,,,
listerine-mouthwash-cool-mint-500ml,Listerine Mouthwash Cool Mint,Listerine,Toiletries,Oral Care,500ml,6500,,,,,
always-ultra-sanitary-pads-8-pads,Always Ultra Sanitary Pads,Always,Toiletries,Feminine Care,8 pads,1500,,,,,
always-cotton-soft-sanitary-pads-16-pads,Always Cotton Soft Sanitary Pads,Always,Toiletries,Feminine Care,16 pads,3200,,,,,
virony-sanitary-pads-10-pads,Virony Sanitary Pads,Virony,Toiletries,Feminine Care,10 pads,1200,,,,,
dr-brown-sanitary-pads-10-pads,Dr. Brown Sanitary Pads,Dr. Brown,Toiletries,Feminine Care,10 pads,1300,,,,,
cotton-wool-roll-500g,Cotton Wool Roll,Cotton Soft,Toiletries,Cotton Wool & Buds,500g,2800,,,,,
cotton-buds-200-sticks,Cotton Buds,Nice & Soft,Toiletries,Cotton Wool & Buds,200 sticks,1100,,,,,
dove-men-care-deodorant-spray-250ml,Dove Men+Care Deodorant Spray,Dove,Toiletries,Deodorant,250ml,6000,,,,,
nivea-dry-comfort-roll-on-50ml,Nivea Dry Comfort Roll-on,NIVEA,Toiletries,Deodorant,50ml,1700,,,,,
sure-men-antiperspirant-roll-on-50ml,Sure Men Antiperspirant Roll-on,Sure,Toiletries,Deodorant,50ml,1800,,,,,
rexona-men-deodorant-spray-200ml,Rexona Men Deodorant Spray,Rexona,Toiletries,Deodorant,200ml,5500,,,,,
axe-body-spray-black-150ml,Axe Body Spray Black,Axe,Toiletries,Body Spray,150ml,5000,,,,,
irish-spring-body-wash-591ml,Irish Spring Body Wash,Irish Spring,Toiletries,Body Wash,591ml,8500,,,,,
nivea-creme-soft-shower-gel-500ml,Nivea Creme Soft Shower Gel,NIVEA,Toiletries,Body Wash,500ml,6800,,,,,
dove-deeply-nourishing-body-wash-500ml,Dove Deeply Nourishing Body Wash,Dove,Toiletries,Body Wash,500ml,7500,,,,,
cussons-morning-fresh-hand-wash-500ml,Cussons Morning Fresh Hand Wash,Cussons,Toiletries,Hand Wash,500ml,2800,,,,,
dettol-liquid-hand-wash-200ml,Dettol Liquid Hand Wash,Dettol,Toiletries,Hand Wash,200ml,2500,,,,,
medisoft-hand-sanitizer-500ml,Medisoft Hand Sanitizer,Medisoft,Toiletries,Hand Sanitizer,500ml,3000,,,,,
carex-hand-wash-250ml,Carex Hand Wash,Carex,Toiletries,Hand Wash,250ml,3500,,,,,
babyface-facial-tissue-1-box,Babyface Facial Tissue,Babyface,Toiletries,Facial Tissue,1 box,1200,,,,,
nice-facial-tissue-1-box,Nice Facial Tissue,Nice,Toiletries,Facial Tissue,1 box,1400,,,,,
good-mama-detergent-assorted-1-7kg,Good Mama Detergent Assorted,Good Mama,Cleaning & Home Care,Laundry Detergent,1.7kg,4370,,,,,
viva-matic-machine-expert-detergent-1-7kg,Viva Matic Machine Expert Detergent,Viva,Cleaning & Home Care,Laundry Detergent,1.7kg,5980,,,,,
so-klin-matic-detergent-2kg,So Klin Matic Detergent,So Klin,Cleaning & Home Care,Laundry Detergent,2kg,6885,,,,,
waw-complete-5-in-1-liquid-detergent-1l,WAW Complete 5 In 1 Liquid Detergent,WAW,Cleaning & Home Care,Liquid Detergent,1L,4040,,,,,
clean-soft-automatic-liquid-laundry-detergent-1l,Clean Soft Automatic Liquid Laundry Detergent,Clean Soft,Cleaning & Home Care,Liquid Detergent,1L,4935,,,,,
persil-powder-colour-protect-7-5kg,Persil Powder Colour Protect,Persil,Cleaning & Home Care,Laundry Detergent,7.5kg,58450,,,,,
ariel-detergent-powder-2kg,Ariel Detergent Powder,Ariel,Cleaning & Home Care,Laundry Detergent,2kg,6500,,,,,
omo-multi-active-detergent-powder-2kg,Omo Multi Active Detergent Powder,Omo,Cleaning & Home Care,Laundry Detergent,2kg,6200,,,,,
sunlight-2-in-1-detergent-powder-2kg,Sunlight 2-in-1 Detergent Powder,Sunlight,Cleaning & Home Care,Laundry Detergent,2kg,5900,,,,,
viva-plus-detergent-powder-800g,Viva Plus Detergent Powder,Viva,Cleaning & Home Care,Laundry Detergent,800g,2475,,,,,
nittol-anti-bacterial-detergent-powder-800g,Nittol Anti-Bacterial Detergent Powder,Nittol,Cleaning & Home Care,Laundry Detergent,800g,1880,,,,,
canoe-extra-care-laundry-soap-230g,Canoe Extra Care Laundry Soap,Canoe,Cleaning & Home Care,Laundry Soap,230g,895,,,,,
waw-laundry-bar-130g,WAW Laundry Bar,WAW,Cleaning & Home Care,Laundry Soap,130g,210,,,,,
so-klin-multi-purpose-soap-120g-x-2,So Klin Multi-Purpose Soap,So Klin,Cleaning & Home Care,Laundry Soap,120g x 2,190,,,,,
comfort-fabric-conditioner-sun-shiny-days-930ml,Comfort Fabric Conditioner Sun Shiny Days,Comfort,Cleaning & Home Care,Fabric Conditioner,930ml,7150,,,,,
comfort-fabric-conditioner-pure-2l,Comfort Fabric Conditioner Pure,Comfort,Cleaning & Home Care,Fabric Conditioner,2L,11900,,,,,
vanish-gold-oxi-advance-stain-remover-470g,Vanish Gold Oxi Advance Stain Remover,Vanish,Cleaning & Home Care,Stain Remover,470g,22770,,,,,
hypo-bleach-regular-3-5l,Hypo Bleach Regular,Hypo,Cleaning & Home Care,Bleach,3.5L,4300,,,,,
jik-bleach-regular-3-5l,Jik Bleach Regular,Jik,Cleaning & Home Care,Bleach,3.5L,4500,,,,,
morning-fresh-dishwashing-liquid-450ml,Morning Fresh Dishwashing Liquid,Morning Fresh,Cleaning & Home Care,Dishwashing Liquid,450ml,1800,,,,,
mama-lemon-dishwashing-liquid-450ml,Mama Lemon Dishwashing Liquid,Mama Lemon,Cleaning & Home Care,Dishwashing Liquid,450ml,1500,,,,,
sunlight-dishwashing-liquid-750ml,Sunlight Dishwashing Liquid,Sunlight,Cleaning & Home Care,Dishwashing Liquid,750ml,2700,,,,,
fairy-clean-fresh-washing-up-liquid-320ml,Fairy Clean & Fresh Washing Up Liquid,Fairy,Cleaning & Home Care,Dishwashing Liquid,320ml,11485,,,,,
ecover-washing-up-liquid-lemon-aloe-450ml,Ecover Washing Up Liquid Lemon & Aloe,Ecover,Cleaning & Home Care,Dishwashing Liquid,450ml,18235,,,,,
harpic-power-plus-toilet-cleaner-450ml,Harpic Power Plus Toilet Cleaner,Harpic,Cleaning & Home Care,Toilet Cleaner,450ml,2100,,,,,
harpic-power-plus-toilet-cleaner-750ml,Harpic Power Plus Toilet Cleaner,Harpic,Cleaning & Home Care,Toilet Cleaner,750ml,3300,,,,,
mr-muscle-kitchen-cleaner-500ml,Mr Muscle Kitchen Cleaner,Mr Muscle,Cleaning & Home Care,Surface Cleaner,500ml,4200,,,,,
dettol-antiseptic-liquid-500ml,Dettol Antiseptic Liquid,Dettol,Cleaning & Home Care,Disinfectant,500ml,6500,,,,,
dettol-antiseptic-liquid-1l,Dettol Antiseptic Liquid,Dettol,Cleaning & Home Care,Disinfectant,1L,11500,,,,,
izal-disinfectant-1l,Izal Disinfectant,Izal,Cleaning & Home Care,Disinfectant,1L,3200,,,,,
air-wick-air-freshener-spray-300ml,Air Wick Air Freshener Spray,Air Wick,Cleaning & Home Care,Air Freshener,300ml,2500,,,,,
glade-air-freshener-spray-300ml,Glade Air Freshener Spray,Glade,Cleaning & Home Care,Air Freshener,300ml,2800,,,,,
raid-insecticide-spray-300ml,Raid Insecticide Spray,Raid,Cleaning & Home Care,Insecticide,300ml,3500,,,,,
mortein-insecticide-spray-300ml,Mortein Insecticide Spray,Mortein,Cleaning & Home Care,Insecticide,300ml,3200,,,,,
baygon-insecticide-spray-300ml,Baygon Insecticide Spray,Baygon,Cleaning & Home Care,Insecticide,300ml,3500,,,,,
scotch-brite-scrub-sponge-3-pieces,Scotch-Brite Scrub Sponge,Scotch-Brite,Cleaning & Home Care,Sponges & Scourers,3 pieces,2500,,,,,
vileda-cleaning-cloth-3-pieces,Vileda Cleaning Cloth,Vileda,Cleaning & Home Care,Cleaning Cloths,3 pieces,3200,,,,,
bristar-plastic-hanger-12-pieces,Bristar Plastic Hanger,Bristar,Cleaning & Home Care,Laundry Accessories,12 pieces,7425,,,,,
freshwater-clothes-hanger-12-pieces,Freshwater Clothes Hanger,Freshwater,Cleaning & Home Care,Laundry Accessories,12 pieces,3965,,,,,
sunplast-laundry-basket-1-piece,Sunplast Laundry Basket,Sunplast,Cleaning & Home Care,Laundry Accessories,1 piece,5500,,,,,
cerelac-wheat-milk-400g,Cerelac Wheat & Milk,Cerelac,Baby & Kids,Baby Food,400g,7085,,,,,
cerelac-maize-milk-400g,Cerelac Maize & Milk,Cerelac,Baby & Kids,Baby Food,400g,7100,,,,,
cerelac-rice-milk-400g,Cerelac Rice & Milk,Cerelac,Baby & Kids,Baby Food,400g,7200,,,,,
nutribom-infant-cereal-banana-apple-350g,Nutribom Infant Cereal Banana & Apple,Nutribom,Baby & Kids,Baby Food,350g,2295,,,,,
nutrilac-infant-cereal-with-milk-wheat-360g,Nutrilac Infant Cereal With Milk Wheat,Nutrilac,Baby & Kids,Baby Food,360g,3210,,,,,
peak-123-growing-up-milk-380g,Peak 123 Growing Up Milk,Peak,Baby & Kids,Growing Up Milk,380g,7060,,,,,
peak-456-growing-up-milk-380g,Peak 456 Growing Up Milk,Peak,Baby & Kids,Growing Up Milk,380g,5785,,,,,
nan-1-optipro-starter-infant-formula-400g,Nan 1 Optipro Starter Infant Formula,Nan,Baby & Kids,Infant Formula,400g,12280,,,,,
nan-3-optipro-growing-up-milk-400g,Nan 3 Optipro Growing Up Milk,Nan,Baby & Kids,Growing Up Milk,400g,12208,,,,,
sma-gold-3-toddler-milk-900g,SMA Gold 3 Toddler Milk,SMA,Baby & Kids,Toddler Milk,900g,30300,,,,,
nestle-nankid-optipro-4-400g,Nestle NanKid Optipro 4,Nestle,Baby & Kids,Growing Up Milk,400g,11205,,,,,
cow-gate-comfort-baby-milk-formula-800g,Cow & Gate Comfort Baby Milk Formula,Cow & Gate,Baby & Kids,Infant Formula,800g,59905,,,,,
huggies-dry-comfort-diapers-medium-50-pieces,Huggies Dry Comfort Diapers Medium,Huggies,Baby & Kids,Diapers,50 pieces,14500,,,,,
pampers-baby-dry-diapers-medium-64-pieces,Pampers Baby Dry Diapers Medium,Pampers,Baby & Kids,Diapers,64 pieces,18500,,,,,
molfix-diapers-medium-64-pieces,Molfix Diapers Medium,Molfix,Baby & Kids,Diapers,64 pieces,16000,,,,,
kisskids-diapers-large-50-pieces,Kisskids Diapers Large,Kisskids,Baby & Kids,Diapers,50 pieces,12500,,,,,
dr-brown-diapers-medium-50-pieces,Dr Brown Diapers Medium,Dr Brown,Baby & Kids,Diapers,50 pieces,12000,,,,,
huggies-baby-wipes-56-wipes,Huggies Baby Wipes,Huggies,Baby & Kids,Baby Wipes,56 wipes,2800,,,,,
pampers-baby-wipes-64-wipes,Pampers Baby Wipes,Pampers,Baby & Kids,Baby Wipes,64 wipes,3000,,,,,
molfix-baby-wipes-80-wipes,Molfix Baby Wipes,Molfix,Baby & Kids,Baby Wipes,80 wipes,2500,,,,,
cussons-baby-lotion-200ml,Cussons Baby Lotion,Cussons,Baby & Kids,Baby Toiletries,200ml,3200,,,,,
johnson-s-baby-lotion-300ml,Johnson's Baby Lotion,Johnson's,Baby & Kids,Baby Toiletries,300ml,4500,,,,,
johnson-s-baby-oil-200ml,Johnson's Baby Oil,Johnson's,Baby & Kids,Baby Toiletries,200ml,4200,,,,,
cussons-baby-powder-200g,Cussons Baby Powder,Cussons,Baby & Kids,Baby Toiletries,200g,2200,,,,,
johnson-s-baby-bath-500ml,Johnson's Baby Bath,Johnson's,Baby & Kids,Baby Toiletries,500ml,6800,,,,,
tommee-tippee-feeding-bottle-260ml,Tommee Tippee Feeding Bottle,Tommee Tippee,Baby & Kids,Baby Feeding,260ml,6500,,,,,
avent-feeding-bottle-260ml,Avent Feeding Bottle,Philips Avent,Baby & Kids,Baby Feeding,260ml,8500,,,,,
baby-food-bowl-set-1-set,Baby Food Bowl Set,Generic,Baby & Kids,Baby Feeding,1 set,3500,,,,,
farleys-rusks-reduced-sugar-baby-food-snack-300g,Farleys Rusks Reduced Sugar Baby Food Snack,Farley's,Baby & Kids,Baby Snack,300g,13960,,,,,
good4u-kids-breakfast-boost-100g,Good4U Kids Breakfast Boost,Good4U,Baby & Kids,Kids Cereal,100g,12170,,,,,
eva-table-water-75cl-x-12,Eva Table Water,Eva,Beverages,Water,75cl x 12,2800,,,,,
nestle-pure-life-water-60cl-x-12,Nestle Pure Life Water,Nestle,Beverages,Water,60cl x 12,3000,,,,,
aquafina-water-75cl-x-12,Aquafina Water,Aquafina,Beverages,Water,75cl x 12,3200,,,,,
coca-cola-pet-50cl-x-12,Coca-Cola PET,Coca-Cola,Beverages,Soft Drink,50cl x 12,6000,,,,,
pepsi-pet-50cl-x-12,Pepsi PET,Pepsi,Beverages,Soft Drink,50cl x 12,5800,,,,,
fanta-orange-pet-50cl-x-12,Fanta Orange PET,Fanta,Beverages,Soft Drink,50cl x 12,6000,,,,,
sprite-pet-50cl-x-12,Sprite PET,Sprite,Beverages,Soft Drink,50cl x 12,6000,,,,,
schweppes-bitter-lemon-33cl-x-12,Schweppes Bitter Lemon,Schweppes,Beverages,Soft Drink,33cl x 12,7200,,,,,
maltina-can-33cl-x-24,Maltina Can,Maltina,Beverages,Malt Drink,33cl x 24,9600,,,,,
amstel-malta-can-33cl-x-24,Amstel Malta Can,Amstel Malta,Beverages,Malt Drink,33cl x 24,9800,,,,,
malta-guinness-can-33cl-x-24,Malta Guinness Can,Malta Guinness,Beverages,Malt Drink,33cl x 24,10200,,,,,
chivita-active-juice-1l-x-12,Chivita Active Juice,Chivita,Beverages,Juice,1L x 12,18000,,,,,
five-alive-pulpy-orange-1l-x-12,Five Alive Pulpy Orange,Five Alive,Beverages,Juice,1L x 12,16500,,,,,
hollandia-yoghurt-plain-sweetened-1l-x-10,Hollandia Yoghurt Plain Sweetened,Hollandia,Beverages,Yoghurt Drink,1L x 10,17000,,,,,
hollandia-choco-malt-1l,Hollandia Choco Malt,Hollandia,Beverages,Chocolate Drink,1L,2200,,,,,
ribena-blackcurrant-1l,Ribena Blackcurrant,Ribena,Beverages,Juice Drink,1L,4200,,,,,
capri-sun-orange-200ml-x-10,Capri-Sun Orange,Capri-Sun,Beverages,Kids Juice,200ml x 10,4200,,,,,
lucozade-boost-450ml-x-12,Lucozade Boost,Lucozade,Beverages,Energy Drink,450ml x 12,10500,,,,,
monster-energy-drink-440ml-x-12,Monster Energy Drink,Monster,Beverages,Energy Drink,440ml x 12,18000,,,,,
red-bull-energy-drink-250ml-x-24,Red Bull Energy Drink,Red Bull,Beverages,Energy Drink,250ml x 24,32000,,,,,
nescafe-classic-coffee-tin-50g,Nescafe Classic Coffee Tin,Nescafe,Beverages,Coffee,50g,6485,,,,,
nescafe-breakfast-3-in-1-sachet-25g-x-10,Nescafe Breakfast 3 In 1 Sachet,Nescafe,Beverages,Coffee,25g x 10,2340,,,,,
topcafe-3-in-1-creamy-white-coffee-mix-30g-x-10,Topcafe 3 in 1 Creamy White Coffee Mix,Topcafe,Beverages,Coffee,30g x 10,1990,,,,,
nescafe-gold-blend-coffee-golden-roast-100g,Nescafe Gold Blend Coffee Golden Roast,Nescafe,Beverages,Coffee,100g,10395,,,,,
lavazza-qualita-rossa-coffee-beans-250g,Lavazza Qualita Rossa Coffee Beans,Lavazza,Beverages,Coffee,250g,25245,,,,,
tetley-tea-bags-100-bags,Tetley Tea Bags,Tetley,Beverages,Tea,100 bags,7500,,,,,
lipton-yellow-label-tea-bags-100-bags,Lipton Yellow Label Tea Bags,Lipton,Beverages,Tea,100 bags,4500,,,,,
ahmad-tea-english-breakfast-100-bags,Ahmad Tea English Breakfast,Ahmad Tea,Beverages,Tea,100 bags,8500,,,,,
nestle-milo-ready-to-drink-180ml-x-24,Nestle Milo Ready-to-Drink,Milo,Beverages,Chocolate Drink,180ml x 24,9500,,,,,
cowbell-chocolate-milk-drink-180ml-x-24,Cowbell Chocolate Milk Drink,Cowbell,Beverages,Chocolate Drink,180ml x 24,8200,,,,,
nivea-nourishing-cocoa-body-lotion-for-women-400ml,NIVEA Nourishing Cocoa Body Lotion For Women,NIVEA,Skincare,Body Lotion,400ml,3715,,,,,
nivea-radiant-beauty-advanced-care-body-lotion-400ml,NIVEA Radiant & Beauty Advanced Care Body Lotion,NIVEA,Skincare,Body Lotion,400ml,6095,,,,,
nivea-men-deep-body-lotion-400ml,NIVEA MEN Deep Body Lotion,NIVEA,Skincare,Body Lotion,400ml,4305,,,,,
nivea-perfect-radiant-body-lotion-400ml,NIVEA Perfect & Radiant Body Lotion,NIVEA,Skincare,Body Lotion,400ml,5240,,,,,
nivea-rich-nourishing-body-lotion-400ml,NIVEA Rich Nourishing Body Lotion,NIVEA,Skincare,Body Lotion,400ml,4715,,,,,
vaseline-intensive-care-cocoa-glow-lotion-400ml,Vaseline Intensive Care Cocoa Glow Lotion,Vaseline,Skincare,Body Lotion,400ml,6025,,,,,
vaseline-intensive-care-advanced-repair-lotion-400ml,Vaseline Intensive Care Advanced Repair Lotion,Vaseline,Skincare,Body Lotion,400ml,6500,,,,,
dove-nourishing-body-care-lotion-400ml,Dove Nourishing Body Care Lotion,Dove,Skincare,Body Lotion,400ml,7500,,,,,
palmer-s-cocoa-butter-formula-lotion-400ml,Palmer's Cocoa Butter Formula Lotion,Palmer's,Skincare,Body Lotion,400ml,8500,,,,,
jergens-ultra-healing-lotion-621ml,Jergens Ultra Healing Lotion,Jergens,Skincare,Body Lotion,621ml,9500,,,,,
cerave-daily-moisturizing-lotion-355ml,CeraVe Daily Moisturizing Lotion,CeraVe,Skincare,Body Lotion,355ml,21500,,,,,
simple-hydrating-light-moisturiser-125ml,Simple Hydrating Light Moisturiser,Simple,Skincare,Face Moisturiser,125ml,8500,,,,,
neutrogena-hydro-boost-water-gel-50ml,Neutrogena Hydro Boost Water Gel,Neutrogena,Skincare,Face Moisturiser,50ml,22500,,,,,
garnier-even-matte-vitamin-c-serum-cream-50ml,Garnier Even & Matte Vitamin C Serum Cream,Garnier,Skincare,Face Cream,50ml,6500,,,,,
garnier-micellar-cleansing-water-400ml,Garnier Micellar Cleansing Water,Garnier,Skincare,Cleanser,400ml,8000,,,,,
simple-kind-to-skin-facial-wash-150ml,Simple Kind to Skin Facial Wash,Simple,Skincare,Cleanser,150ml,7000,,,,,
clean-clear-morning-energy-face-wash-150ml,Clean & Clear Morning Energy Face Wash,Clean & Clear,Skincare,Cleanser,150ml,5500,,,,,
st-ives-fresh-skin-apricot-scrub-170g,St. Ives Fresh Skin Apricot Scrub,St. Ives,Skincare,Scrub,170g,6500,,,,,
the-ordinary-niacinamide-10-zinc-1-30ml,The Ordinary Niacinamide 10% + Zinc 1%,The Ordinary,Skincare,Serum,30ml,14500,,,,,
the-ordinary-hyaluronic-acid-2-b5-30ml,The Ordinary Hyaluronic Acid 2% + B5,The Ordinary,Skincare,Serum,30ml,15500,,,,,
dr-rashel-vitamin-c-face-serum-50ml,Dr Rashel Vitamin C Face Serum,Dr Rashel,Skincare,Serum,50ml,4500,,,,,
dr-rashel-vitamin-c-face-cream-50g,Dr Rashel Vitamin C Face Cream,Dr Rashel,Skincare,Face Cream,50g,4200,,,,,
caro-white-lightening-beauty-cream-500ml,Caro White Lightening Beauty Cream,Caro White,Skincare,Body Cream,500ml,5000,,,,,
carotone-brightening-cream-300ml,Carotone Brightening Cream,Carotone,Skincare,Body Cream,300ml,4500,,,,,
fair-white-gold-revitalizing-lotion-500ml,Fair & White Gold Revitalizing Lotion,Fair & White,Skincare,Body Lotion,500ml,11000,,,,,
bio-oil-skincare-oil-125ml,Bio-Oil Skincare Oil,Bio-Oil,Skincare,Skincare Oil,125ml,12500,,,,,
palmer-s-skin-therapy-oil-150ml,Palmer's Skin Therapy Oil,Palmer's,Skincare,Skincare Oil,150ml,14500,,,,,
nivea-sun-uv-face-shine-control-spf50-50ml,NIVEA Sun UV Face Shine Control SPF50,NIVEA,Skincare,Sunscreen,50ml,7950,,,,,
neutrogena-ultra-sheer-dry-touch-sunscreen-spf55-88ml,Neutrogena Ultra Sheer Dry-Touch Sunscreen SPF55,Neutrogena,Skincare,Sunscreen,88ml,18500,,,,,
la-roche-posay-anthelios-sunscreen-spf50-50ml,La Roche-Posay Anthelios Sunscreen SPF50,La Roche-Posay,Skincare,Sunscreen,50ml,29500,,,,,
dove-original-antiperspirant-roll-on-50ml,Dove Original Antiperspirant Roll-on,Dove,Skincare,Deodorant,50ml,1900,,,,,
nivea-dry-comfort-roll-on-pack-50ml-x-3,NIVEA Dry Comfort Roll-on Pack,NIVEA,Skincare,Deodorant,50ml x 3,4220,,,,,
sure-women-invisible-aqua-roll-on-50ml,Sure Women Invisible Aqua Roll-on,Sure,Skincare,Deodorant,50ml,1800,,,,,
rexona-women-shower-fresh-roll-on-50ml,Rexona Women Shower Fresh Roll-on,Rexona,Skincare,Deodorant,50ml,1700,,,,,
nivea-original-lip-balm-4-8g,NIVEA Original Lip Balm,NIVEA,Skincare,Lip Care,4.8g,2430,,,,,
smart-collection-no-352-eau-de-parfum-100ml,Smart Collection No. 352 Eau De Parfum,Smart Collection,Fragrance,Perfume,100ml,6500,,,,,
smart-collection-no-387-eau-de-parfum-100ml,Smart Collection No. 387 Eau De Parfum,Smart Collection,Fragrance,Perfume,100ml,6500,,,,,
lattafa-fakhar-eau-de-parfum-100ml,Lattafa Fakhar Eau De Parfum,Lattafa,Fragrance,Perfume,100ml,28500,,,,,
lattafa-yara-eau-de-parfum-100ml,Lattafa Yara Eau De Parfum,Lattafa,Fragrance,Perfume,100ml,32000,,,,,
lattafa-asad-eau-de-parfum-100ml,Lattafa Asad Eau De Parfum,Lattafa,Fragrance,Perfume,100ml,30000,,,,,
oud-24-hours-eau-de-parfum-100ml,Oud 24 Hours Eau De Parfum,Oud 24 Hours,Fragrance,Perfume,100ml,24000,,,,,
baccarat-rouge-540-inspired-perfume-oil-10ml,Baccarat Rouge 540 Inspired Perfume Oil,Generic,Fragrance,Perfume Oil,10ml,3500,,,,,
armaf-club-de-nuit-intense-man-105ml,Armaf Club De Nuit Intense Man,Armaf,Fragrance,Cologne,105ml,58000,,,,,
davidoff-cool-water-man-125ml,Davidoff Cool Water Man,Davidoff,Fragrance,Cologne,125ml,68000,,,,,
jovan-musk-cologne-spray-88ml,Jovan Musk Cologne Spray,Jovan,Fragrance,Cologne,88ml,18500,,,,,
axe-dark-temptation-body-spray-150ml,Axe Dark Temptation Body Spray,Axe,Fragrance,Body Spray,150ml,5200,,,,,
axe-black-body-spray-150ml,Axe Black Body Spray,Axe,Fragrance,Body Spray,150ml,5000,,,,,
brut-original-deodorant-spray-200ml,Brut Original Deodorant Spray,Brut,Fragrance,Body Spray,200ml,6000,,,,,
nivea-men-deep-body-spray-200ml,NIVEA MEN Deep Body Spray,NIVEA,Fragrance,Body Spray,200ml,5500,,,,,
dove-go-fresh-body-mist-150ml,Dove Go Fresh Body Mist,Dove,Fragrance,Body Mist,150ml,6500,,,,,
victoria-s-secret-body-mist-pure-seduction-250ml,Victoria's Secret Body Mist Pure Seduction,Victoria's Secret,Fragrance,Body Mist,250ml,18000,,,,,
bath-body-works-body-mist-japanese-cherry-blossom-236ml,Bath & Body Works Body Mist Japanese Cherry Blossom,Bath & Body Works,Fragrance,Body Mist,236ml,18500,,,,,
yardley-london-english-lavender-body-spray-200ml,Yardley London English Lavender Body Spray,Yardley,Fragrance,Body Spray,200ml,7000,,,,,
enchanteur-romantic-perfumed-deo-150ml,Enchanteur Romantic Perfumed Deo,Enchanteur,Fragrance,Body Spray,150ml,3500,,,,,
avon-far-away-eau-de-parfum-50ml,Avon Far Away Eau De Parfum,Avon,Fragrance,Perfume,50ml,25000,,,,,
bingo-dog-food-beef-3kg,Bingo Dog Food Beef,Bingo,Dog Food,Dry Dog Food,3kg,12000,,,,,
febreze-air-freshener-assorted-185-ml-185ml,Febreze Air Freshener Assorted 185 ml,Febreze,Cleaning & Home Care,Air Freshener,185ml,6060,,,,,
febreze-air-freshener-assorted-300-ml-300ml,Febreze Air Freshener Assorted 300 ml,Febreze,Cleaning & Home Care,Air Freshener,300ml,8800,,,,,
air-wick-freshmatic-refill-lavender-camomile-250-ml-250ml,Air Wick Freshmatic Refill Lavender & Camomile 250 ml,Air Wick,Cleaning & Home Care,Air Freshener,250ml,3245,,,,,
air-wick-freshmatic-refill-sparkling-citrus-250-ml-250ml,Air Wick Freshmatic Refill Sparkling Citrus 250 ml,Air Wick,Cleaning & Home Care,Air Freshener,250ml,3245,,,,,
air-wick-air-freshener-stick-up-multi-use-aroma-gel-assorted-30-g-30g,Air Wick Air Freshener Stick Up Multi-Use Aroma Gel Assorted 30 g,Air Wick,Cleaning & Home Care,Odor Eliminator,30g,1270,,,,,
air-wick-drummer-air-freshener-assorted-fragrances-45-g-x6-45g-x-6,Air Wick Drummer Air Freshener Assorted Fragrances 45 g x6,Air Wick,Cleaning & Home Care,Air Freshener,45g x 6,8130,,,,,
glade-automatic-spray-refill-lavender-vanilla-269-ml-269ml,Glade Automatic Spray Refill Lavender & Vanilla 269 ml,Glade,Cleaning & Home Care,Air Freshener,269ml,4905,,,,,
glade-solid-air-freshener-clean-linen-170-g-170g,Glade Solid Air Freshener Clean Linen 170 g,Glade,Cleaning & Home Care,Odor Eliminator,170g,1540,,,,,
glade-air-freshener-gel-lavender-70-g-70g,Glade Air Freshener Gel Lavender 70 g,Glade,Cleaning & Home Care,Air Freshener Gel,70g,920,,,,,
wind-air-freshener-assorted-300-ml-300ml,Wind Air Freshener Assorted 300 ml,Wind,Cleaning & Home Care,Air Freshener,300ml,2530,,,,,
wind-air-freshener-block-65-g-x6-65g-x-6,Wind Air Freshener Block 65 g x6,Wind,Cleaning & Home Care,Odor Eliminator,65g x 6,2790,,,,,
godrej-aer-power-pocket-lavender-bloom-10-g-10g,Godrej Aer Power Pocket Lavender Bloom 10 g,Godrej,Cleaning & Home Care,Odor Eliminator,10g,1195,,,,,
top-breeze-diffuser-160-ml-160ml,Top Breeze Diffuser 160 ml,Top Breeze,Cleaning & Home Care,Diffuser,160ml,4850,,,,,
sparkle-air-freshener-aqua-mist-magnolia-blossom-500-ml-500ml,Sparkle Air Freshener Aqua Mist Magnolia Blossom 500 ml,Sparkle,Cleaning & Home Care,Air Freshener,500ml,3035,,,,,
dettol-all-in-one-disinfectant-spray-assorted-400-ml-400ml,Dettol All-In-One Disinfectant Spray Assorted 400 ml,Dettol,Cleaning & Home Care,Disinfectant Spray,400ml,3350,,,,,
dettol-anti-bacterial-surface-cleanser-500-ml-500ml,Dettol Anti-Bacterial Surface Cleanser 500 ml,Dettol,Cleaning & Home Care,Surface Cleaner,500ml,3350,,,,,
dettol-multi-action-large-wipes-x36-36-wipes,Dettol Multi-Action Large Wipes x36,Dettol,Cleaning & Home Care,Disinfectant Wipes,36 wipes,775,,,,,
dettol-multi-action-citrus-zest-large-wipes-x20-20-wipes,Dettol Multi Action Citrus Zest Large Wipes x20,Dettol,Cleaning & Home Care,Disinfectant Wipes,20 wipes,1190,,,,,
lysol-disinfectant-spray-lemon-breeze-354-g-354g,Lysol Disinfectant Spray Lemon Breeze 354 g,Lysol,Cleaning & Home Care,Disinfectant Spray,354g,7855,,,,,
milton-disinfectant-spray-300-ml-300ml,Milton Disinfectant Spray 300 ml,Milton,Cleaning & Home Care,Disinfectant Spray,300ml,2715,,,,,
air-wick-air-freshener-stacey-solomon-serene-sunset-essential-oils-reed-diffuser-80-ml-80ml,Air Wick Air Freshener Stacey Solomon Serene Sunset Essential Oils Reed Diffuser 80 ml,Air Wick,Cleaning & Home Care,Diffuser,80ml,31375,,,,,
air-wick-air-freshener-stacey-solomon-paradise-escape-essential-oils-reed-diffuser-80-ml-80ml,Air Wick Air Freshener Stacey Solomon Paradise Escape Essential Oils Reed Diffuser 80 ml,Air Wick,Cleaning & Home Care,Diffuser,80ml,31375,,,,,
air-wick-air-freshener-reed-diffuser-linen-lilac-42-ml-42ml,Air Wick Air Freshener Reed Diffuser Linen & Lilac 42 ml,Air Wick,Cleaning & Home Care,Diffuser,42ml,27925,,,,,
air-wick-cosy-cottage-essential-oils-reeds-diffuser-42-ml-42ml,Air Wick Cosy Cottage Essential Oils Reeds Diffuser 42 ml,Air Wick,Cleaning & Home Care,Diffuser,42ml,27925,,,,,
air-wick-mulled-wine-essential-oils-reeds-diffuser-42-ml-42ml,Air Wick Mulled Wine Essential Oils Reeds Diffuser 42 ml,Air Wick,Cleaning & Home Care,Diffuser,42ml,27925,,,,,
air-wick-essential-oils-reed-diffuser-pum-packin-spice-42-ml-42ml,Air Wick Essential Oils Reed Diffuser Pum Packin Spice 42 ml,Air Wick,Cleaning & Home Care,Diffuser,42ml,27925,,,,,
air-wick-scented-reed-diffuser-wood-1-piece,Air Wick Scented Reed Diffuser Wood,Air Wick,Cleaning & Home Care,Diffuser,1 piece,7980,,,,,
air-wick-reed-diffuser-mistletoe-pine-multi-layered-fragrance-25-ml-25ml,Air Wick Reed Diffuser Mistletoe & Pine Multi-Layered Fragrance 25 ml,Air Wick,Cleaning & Home Care,Diffuser,25ml,3635,,,,,
air-wick-reed-diffuser-life-scents-summer-delights-30-ml-30ml,Air Wick Reed Diffuser Life Scents Summer Delights 30 ml,Air Wick,Cleaning & Home Care,Diffuser,30ml,3635,,,,,
air-wick-freshmatic-diffuser-refill-assorted-250-ml-250ml,Air Wick Freshmatic Diffuser & Refill Assorted 250 ml,Air Wick,Cleaning & Home Care,Diffuser,250ml,19000,,,,,
chivita-active-citrus-mixed-fruit-juice-100-cl-100cl,Chivita Active Citrus Mixed Fruit Juice 100 cl,Chi,Beverages,Juice,100cl,2210,,,,,
chivita-active-citrus-mixed-fruit-juice-31-5-cl-x12-31-5cl-x-12,Chivita Active Citrus Mixed Fruit Juice 31.5 cl x12,Chi,Beverages,Juice,31.5cl x 12,9960,,,,,
chivita-active-zest-pet-350-ml-350ml,Chivita Active Zest Pet 350 ml,Chivita,Beverages,Juice,350ml,635,,,,,
chivita-active-vegetable-fruit-nectar-carrot-orange-100-cl-100cl,Chivita Active Vegetable Fruit Nectar Carrot & Orange 100 cl,Chi,Beverages,Juice,100cl,1890,,,,,
chivita-orange-juice-100-cl-100cl,Chivita Orange Juice 100 cl,Chi,Beverages,Juice,100cl,2585,,,,,
chivita-apple-juice-100-cl-100cl,Chivita Apple Juice 100 cl,Chi,Beverages,Juice,100cl,2585,,,,,
chivita-pineapple-juice-100-cl-100cl,Chivita Pineapple Juice 100 cl,Chi,Beverages,Juice,100cl,2585,,,,,
chivita-red-grape-juice-100-cl-100cl,Chivita Red Grape Juice 100 cl,Chi,Beverages,Juice,100cl,2415,,,,,
four-cousins-natural-sweet-red-wine-75-cl-75cl,Four Cousins Natural Sweet Red Wine 75 cl,Four Cousins,Beverages,Red Wine,75cl,8695,,,,,
carlo-rossi-sweet-red-wine-75-cl-75cl,Carlo Rossi Sweet Red Wine 75 cl,Carlo Rossi,Beverages,Red Wine,75cl,9850,,,,,
4th-street-sweet-red-wine-75-cl-75cl,4th Street Sweet Red Wine 75 cl,4th Street,Beverages,Red Wine,75cl,4970,,,,,
baron-romero-spanish-red-wine-75-cl-75cl,Baron Romero Spanish Red Wine 75 cl,Baron Romero,Beverages,Red Wine,75cl,4475,,,,,
castillo-de-espana-tempranillo-garnacha-75-cl-75cl,Castillo De Espana Tempranillo Garnacha 75 cl,Castillo De Espana,Beverages,Red Wine,75cl,6300,,,,,
four-cousins-natural-sweet-rose-wine-75-cl-75cl,Four Cousins Natural Sweet Rose Wine 75 cl,Four Cousins,Beverages,Rose Wine,75cl,8695,,,,,
carlo-rossi-wine-peach-flavour-75-cl-75cl,Carlo Rossi Wine Peach Flavour 75 cl,Carlo Rossi,Beverages,Rose Wine,75cl,9590,,,,,
4th-street-sweet-rose-wine-75-cl-75cl,4th Street Sweet Rose Wine 75 cl,4th Street,Beverages,Rose Wine,75cl,4970,,,,,
four-cousins-dry-white-wine-75-cl-75cl,Four Cousins Dry White Wine 75 cl,Four Cousins,Beverages,White Wine,75cl,9155,,,,,
4th-street-sweet-white-wine-75-cl-75cl,4th Street Sweet White Wine 75 cl,4th Street,Beverages,White Wine,75cl,4970,,,,,
toma-bodegas-lozano-fruity-red-wine-75-cl-75cl,Toma Bodegas Lozano Fruity Red Wine 75 cl,Toma,Beverages,Red Wine,75cl,5120,,,,,
castillo-grande-tempranillo-vino-tinto-75-cl-75cl,Castillo Grande Tempranillo Vino Tinto 75 cl,Castillo Grande,Beverages,Red Wine,75cl,6250,,,,,
dominio-del-rey-sweet-red-wine-75-cl-75cl,Dominio Del Rey Sweet Red Wine 75 cl,Dominio Del Rel,Beverages,Red Wine,75cl,6930,,,,,
casa-solis-merlot-75-cl-75cl,Casa Solis Merlot 75 cl,Casa Solis,Beverages,Red Wine,75cl,9640,,,,,
ocean-beach-californian-red-wine-75-cl-75cl,Ocean Beach Californian Red Wine 75 cl,Ocean Beach,Beverages,Red Wine,75cl,7280,,,,,
casillero-del-diablo-sauvignon-blanc-75-cl-75cl,Casillero Del Diablo Sauvignon Blanc 75 cl,Casillero Del Diablo,Beverages,White Wine,75cl,14215,,,,,
tall-horse-chardonnay-75-cl-75cl,Tall Horse Chardonnay 75 cl,Tall Horse,Beverages,White Wine,75cl,14130,,,,,
frontera-sauvignon-blanc-75-cl-75cl,Frontera Sauvignon Blanc 75 cl,Frontera,Beverages,White Wine,75cl,9210,,,,,
dominio-del-rey-white-wine-75-cl-75cl,Dominio Del Rey White Wine 75 cl,Dominio Del Rel,Beverages,White Wine,75cl,6930,,,,,
castillo-de-espana-white-wine-75-cl-75cl,Castillo De Espana White Wine 75 cl,Castillo De Espana,Beverages,White Wine,75cl,6250,,,,,
double-a-business-a4-printing-paper-75-gsm-75gsm,Double A Business A4 Printing Paper 75 gsm,Double A,Stationery,Printing Paper,75gsm,7950,,,,,
double-a-business-a4-printing-paper-75-gsm-x5-75gsm-x-5,Double A Business A4 Printing Paper 75 gsm x5,Double A,Stationery,Printing Paper,75gsm x 5,39350,,,,,
suzano-report-a4-printing-paper-75-gsm-x5-75gsm-x-5,Suzano Report A4 Printing Paper 75 gsm x5,Suzano Report,Stationery,Printing Paper,75gsm x 5,38500,,,,,
iq-a4-paper-80-gsm-80gsm,IQ A4 Paper 80 gsm,IQ,Stationery,Printing Paper,80gsm,3240,,,,,
chamex-a4-paper-75-gsm-75gsm,Chamex A4 Paper 75 gsm,Chamex,Stationery,Printing Paper,75gsm,1400,,,,,
paperline-a4-paper-80-gsm-80gsm,Paperline A4 Paper 80 gsm,Paperline,Stationery,Printing Paper,80gsm,1900,,,,,
rotatrim-mondi-a4-paper-80-gsm-80gsm,Rotatrim Mondi A4 Paper 80 gsm,Rotatrim,Stationery,Printing Paper,80gsm,3240,,,,,
hp-papers-everyday-a4-printing-paper-80-gsm-x5-80gsm-x-5,HP Papers Everyday A4 Printing Paper 80 gsm x5,HP,Stationery,Printing Paper,80gsm x 5,13500,,,,,
ppc-a4-printing-paper-70-gsm-x5-70gsm,PPC A4 Printing Paper 70 gsm x5,PPC,Stationery,Printing Paper,70gsm,12500,,,,,
thermal-printer-paper-rolls-80-x-80-mm-x50-80-x-80mm-x-50,Thermal Printer Paper Rolls 80 x 80 mm x50,Generic,Stationery,Printing Paper,80 x 80mm x 50,13800,,,,,
eezee-biro-blue-x25-25-pieces,Eezee Biro - Blue x25,Eezee,Stationery,Pens,25 pieces,3000,,,,,
eezee-biro-red-1-piece,Eezee Biro - Red,Eezee,Stationery,Pens,1 piece,45,,,,,
bic-mechanical-pencil-0-5-mm-0-5mm,Bic Mechanical Pencil 0.5 mm,Bic,Stationery,Pencils,0.5mm,1000,,,,,
helix-oxford-hb-pencil-x12-12-pieces,Helix Oxford HB Pencil x12,Helix,Stationery,Pencils,12 pieces,3450,,,,,
pelikan-twist-roller-pen-blue-pink-2-ink-cartridges-ink-eradictor-1-set,Pelikan Twist Roller Pen Blue/Pink + 2 Ink Cartridges + Ink Eradictor,Pelikan,Stationery,Pens,1 set,12900,,,,,
snopake-pinpoint-correction-pen-1-piece,Snopake Pinpoint Correction Pen,Snopake,Stationery,Correction Supplies,1 piece,590,,,,,
bic-whiteboard-marker-black-1-piece,Bic Whiteboard Marker - Black,Bic,Stationery,Markers,1 piece,1350,,,,,
bic-whiteboard-marker-red-1-piece,Bic Whiteboard Marker - Red,Bic,Stationery,Markers,1 piece,1350,,,,,
m-g-whiteboard-marker-blue-1-piece,M & G Whiteboard Marker Blue,M & G,Stationery,Markers,1 piece,440,,,,,
maped-whiteboard-marker-medium-x4-4-pieces,Maped Whiteboard Marker Medium x4,Maped,Stationery,Markers,4 pieces,5500,,,,,
nexus-jotters-1-piece,Nexus Jotters,Nexus,Stationery,Notebooks,1 piece,380,,,,,
mead-college-ruled-filler-paper-11-x-8-inches-200-sheets-200-sheets,Mead College Ruled Filler Paper 11 x 8 Inches 200 Sheets,Mead,Stationery,Notebooks,200 sheets,9400,,,,,
rexel-colourhide-notebook-feint-a5-pink-a5,Rexel ColourHide Notebook Feint A5 - Pink,Rexel,Stationery,Notebooks,A5,1450,,,,,
rexel-colourhide-notebook-feint-a5-lime-a5,Rexel ColourHide Notebook Feint A5 - Lime,Rexel,Stationery,Notebooks,A5,1450,,,,,
global-notes-75-x-75-mm-sticky-notes-100-sheets-yellow-100-sheets,Global Notes 75 x 75 mm Sticky Notes 100 Sheets - Yellow,Global Notes,Stationery,Sticky Notes,100 sheets,1550,,,,,
global-notes-125-x-75-mm-sticky-notes-100-sheets-yellow-100-sheets,Global Notes 125 x 75 mm Sticky Notes 100 Sheets - Yellow,Global Notes,Stationery,Sticky Notes,100 sheets,1900,,,,,
elephant-sticky-note-standard-3-x-3-melody-500-sheets-500-sheets,Elephant Sticky Note Standard 3 x 3 Melody - 500 Sheets,Elephant,Stationery,Sticky Notes,500 sheets,6500,,,,,
global-notes-15-x-50-mm-page-marker-brilliant-mix-100-sheets-x-5-100-sheets-x-5,Global Notes 15 x 50 mm Page Marker Brilliant Mix  100 Sheets x 5,Global Notes,Stationery,Page Markers,100 sheets x 5,2850,,,,,
rexel-active-carry-folder-a4-a4,Rexel Active Carry Folder A4,Rexel,Stationery,Files & Folders,A4,2000,,,,,
envelope-a4-white-a4,Envelope - A4 White,Generic,Stationery,Envelopes,A4,150,,,,,
polypropylene-foolscap-clip-board-blue-1-piece,Polypropylene Foolscap Clip Board - Blue,Generic,Stationery,Clipboards,1 piece,820,,,,,
polypropylene-foolscap-clip-board-black-1-piece,Polypropylene Foolscap Clip Board - Black,Generic,Stationery,Clipboards,1 piece,820,,,,,
petty-cash-voucher-1-pad,Petty Cash Voucher,Generic,Stationery,Admin Forms,1 pad,1250,,,,,
maped-scissors-essentials-symmetrical-13-cm-13cm,Maped Scissors Essentials Symmetrical 13 cm,Maped,Stationery,Desk Tools,13cm,1800,,,,,
helix-oxford-scissors-13-cm-13cm,Helix Oxford Scissors 13 cm,Helix,Stationery,Desk Tools,13cm,2500,,,,,
rexel-r30-compact-stapler-grey-1-piece,Rexel R30 Compact Stapler - Grey,Rexel,Stationery,Staplers,1 piece,2680,,,,,
maped-stapler-essentials-mini-n10-1-piece,Maped Stapler Essentials Mini N10,Maped,Stationery,Staplers,1 piece,3550,,,,,
elephant-stapler-x10-10-pieces,Elephant Stapler x10,Elephant,Stationery,Staplers,10 pieces,5200,,,,,
m-g-12-digits-desktop-calculator-two-way-power-mgc-02-12-digits,M & G 12 Digits Desktop Calculator Two Way Power MGC-02,M & G,Stationery,Calculators,12 digits,5955,,,,,
sharp-electronic-calculator-1-piece,Sharp Electronic Calculator,Sharp,Stationery,Calculators,1 piece,4600,,,,,
masking-tape-1-roll,Masking Tape,Generic,Stationery,Tape & Adhesives,1 roll,900,,,,,
sealing-tape-2-inch-transparent-130-yards-2-inch,Sealing Tape 2 Inch Transparent - 130 Yards,Generic,Stationery,Tape & Adhesives,2 inch,1950,,,,,
0-5-inch-tape-x12-12-rolls,0.5 Inch Tape x12,Generic,Stationery,Tape & Adhesives,12 rolls,8200,,,,,
cellotape-clear-1-roll,Cellotape - Clear,Generic,Stationery,Tape & Adhesives,1 roll,800,,,,,
elephant-sticko-super-glue-3-g-3g,Elephant Sticko Super Glue 3 g,Elephant,Stationery,Tape & Adhesives,3g,1900,,,,,
cotton-twine-1-roll,Cotton Twine,Generic,Stationery,Desk Tools,1 roll,1700,,,,,
elephant-round-paper-clip-no-1-33-mm-33mm,Elephant Round Paper Clip No. 1 33 mm,Elephant,Stationery,Paper Clips,33mm,1350,,,,,
mixed-accessory-set-clips-pins-binders-1-set,Mixed Accessory Set - Clips Pins Binders,Generic,Stationery,Paper Clips,1 set,3250,,,,,
maped-paper-clip-dispenser-paper-clips-x100-black-100-clips,Maped Paper Clip Dispenser + Paper Clips x100 - Black,Maped,Stationery,Paper Clips,100 clips,1800,,,,,
paper-clips-coloured-x100-100-clips,Paper Clips - Coloured x100,Generic,Stationery,Paper Clips,100 clips,280,,,,,
rexel-anti-slip-folder-a4-clear-x25-a4-x-25,Rexel Anti-Slip Folder A4 Clear x25,Rexel,Stationery,Files & Folders,A4 x 25,12400,,,,,
leitz-organizer-smart-folder-1-piece,Leitz Organizer Smart Folder,Leitz,Stationery,Files & Folders,1 piece,87200,,,,,
rexel-joy-five-part-file-1-piece,Rexel Joy Five Part File,Rexel,Stationery,Files & Folders,1 piece,8800,,,,,
rexel-zipper-pocket-a4-x5-a4-x-5,Rexel Zipper Pocket A4 x5,Rexel,Stationery,Files & Folders,A4 x 5,17100,,,,,
rexel-display-book-choices-a4-40-pockets-green-a4-40-pockets,Rexel Display Book Choices A4 40 Pockets - Green,Rexel,Stationery,Files & Folders,"A4, 40 pockets",2750,,,,,
rexel-display-book-choices-a4-40-pockets-black-a4-40-pockets,Rexel Display Book Choices A4 40 Pockets - Black,Rexel,Stationery,Files & Folders,"A4, 40 pockets",4000,,,,,
rexel-ice-expanding-file-a4-13-pockets-assorted-a4-13-pockets,Rexel Ice Expanding File A4 13 Pockets - Assorted,Rexel,Stationery,Files & Folders,"A4, 13 pockets",6300,,,,,
rexel-folder-advance-snap-in-2-pocket-navy-blue-2-pockets,Rexel Folder Advance Snap In 2 Pocket - Navy Blue,Rexel,Stationery,Files & Folders,2 pockets,1750,,,,,
rexel-folder-advance-stayput-purple-1-piece,Rexel Folder Advance StayPut - Purple,Rexel,Stationery,Files & Folders,1 piece,1960,,,,,
rexel-folder-advance-4-pocket-custom-red-4-pockets,Rexel Folder Advance 4 Pocket Custom - Red,Rexel,Stationery,Files & Folders,4 pockets,1850,,,,,
nini-foods-crispy-ijebu-garri-2-kg-2kg,Nini Foods Crispy Ijebu Garri 2 kg,Nini Foods,Foodstuffs,Garri,2kg,5755,,,,,
vine-dresser-foods-garri-ijebu-2-kg-2kg,Vine Dresser Foods Garri Ijebu 2 kg,Vine Dresser Foods,Foodstuffs,Garri,2kg,5815,,,,,
nini-foods-yellow-garri-3-kg-3kg,Nini Foods Yellow Garri 3 kg,Nini Foods,Foodstuffs,Garri,3kg,9915,,,,,
golden-penny-garri-5-kg-5kg,Golden Penny Garri 5 kg,Golden Penny,Foodstuffs,Garri,5kg,6925,,,,,
kivo-good-time-garri-mix-vanilla-flavour-3-in-1-1-pack,Kivo Good Time Garri Mix Vanilla Flavour 3 in 1,Kivo,Foodstuffs,Garri,1 pack,360,,,,,
endy-s-fufu-flour-2-kg-2kg,Endy's Fufu Flour 2 kg,Endy's,Foodstuffs,Fufu,2kg,6140,,,,,
sofi-instant-fufu-cassava-flour-1-kg-1kg,Sofi Instant Fufu (Cassava Flour) 1 kg,Sofi,Foodstuffs,Fufu,1kg,1955,,,,,
ayoola-foods-cassava-fufu-flour-2-kg-2kg,Ayoola Foods Cassava Fufu Flour 2 kg,Generic,Foodstuffs,Fufu,2kg,1850,,,,,
niji-foods-odourless-fufu-flour-1-kg-1kg,Niji Foods Odourless Fufu Flour 1 kg,Niji Foods,Foodstuffs,Fufu,1kg,575,,,,,
vine-dresser-foods-cassava-flour-fufu-1-5-kg-1-5kg,Vine Dresser Foods Cassava Flour Fufu 1.5 kg,Vine Dresser Foods,Foodstuffs,Fufu,1.5kg,6450,,,,,
ayoola-foods-poundo-yam-flour-900-g-900g,Ayoola Foods Poundo Yam Flour 900 g,Ayoola Foods,Foodstuffs,Poundo,900g,4160,,,,,
ayoola-foods-poundo-yam-flour-1-8-kg-1-8kg,Ayoola Foods Poundo Yam Flour 1.8 kg,Ayoola Foods,Foodstuffs,Poundo,1.8kg,8315,,,,,
ayoola-foods-poundo-yam-flour-4-5-kg-4-5kg,Ayoola Foods Poundo Yam Flour 4.5 kg,Ayoola Foods,Foodstuffs,Poundo,4.5kg,20720,,,,,
nini-pure-yam-flour-elubo-isu-2-kg-2kg,Nini Pure Yam Flour (Elubo Isu) 2 kg,Nini,Foodstuffs,Yam Flour,2kg,8355,,,,,
todaj-soya-plantain-flour-1-kg-1kg,Todaj Soya Plantain Flour 1 kg,Todaj,Foodstuffs,Swallow,1kg,5490,,,,,
ayoola-foods-plantain-flour-1-8-kg-1-8kg,Ayoola Foods Plantain Flour 1.8 kg,Ayoola Foods,Foodstuffs,Swallow,1.8kg,8730,,,,,
honeywell-whole-wheat-meal-900-g-900g,Honeywell Whole Wheat Meal 900 g,Honeywell,Foodstuffs,Swallow,900g,1995,,,,,
honeywell-whole-wheat-meal-2-kg-2kg,Honeywell Whole Wheat Meal 2 kg,Honeywell,Foodstuffs,Swallow,2kg,2920,,,,,
honeywell-whole-wheat-meal-5-kg-5kg,Honeywell Whole Wheat Meal 5 kg,Honeywell,Foodstuffs,Swallow,5kg,8950,,,,,
golden-penny-goldenvita-whole-wheat-meal-10-kg-10kg,Golden Penny Goldenvita Whole Wheat Meal 10 kg,Golden Penny,Foodstuffs,Swallow,10kg,14135,,,,,
golden-penny-multi-purpose-wheat-baking-flour-1-kg-1kg,Golden Penny Multi-Purpose Wheat Baking Flour 1 kg,Golden Penny,Foodstuffs,Flour,1kg,1760,,,,,
golden-penny-white-granulated-sugar-1-kg-1kg,Golden Penny White Granulated Sugar 1 kg,Golden Penny,Foodstuffs,Sugar,1kg,2430,,,,,
dangote-refined-granulated-sugar-1-kg-1kg,Dangote Refined Granulated Sugar 1 kg,Dangote,Foodstuffs,Sugar,1kg,3350,,,,,
st-louis-sugar-cubes-474-g-x50-474g-x-50,St. Louis Sugar Cubes 474 g x50,St. Louis,Foodstuffs,Sugar,474g x 50,2120,,,,,
miller-s-brown-sugar-500-g-500g,Miller's Brown Sugar 500 g,Miller's,Foodstuffs,Sugar,500g,2550,,,,,
checkers-custard-powder-vanilla-1-kg-1kg,Checkers Custard Powder Vanilla 1 kg,Checkers,Foodstuffs,Custard,1kg,2250,,,,,
laziz-custard-powder-vanilla-jar-2-kg-2kg,Laziz Custard Powder Vanilla Jar 2 kg,Laziz,Foodstuffs,Custard,2kg,5550,,,,,
family-custard-milk-3-in-1-sachet-500-g-500g,Family Custard Milk 3 in 1 Sachet 500 g,Family,Foodstuffs,Custard,500g,1710,,,,,
devon-king-s-cooking-margarine-sachet-250-g-250g,Devon King's Cooking Margarine Sachet 250 g,Devon,Foodstuffs,Spread,250g,945,,,,,
moi-margarine-500-g-500g,Moi Margarine 500 g,Moi,Foodstuffs,Spread,500g,4340,,,,,
simas-cooking-margarine-250-g-250g,Simas Cooking Margarine 250 g,Simas,Foodstuffs,Spread,250g,1250,,,,,
bama-mayonnaise-810-ml-810ml,Bama Mayonnaise 810 ml,Bama,Foodstuffs,Mayonnaise,810ml,5280,,,,,
bama-mayonnaise-236-ml-236ml,Bama Mayonnaise 236 ml,Bama,Foodstuffs,Mayonnaise,236ml,1830,,,,,
bama-mayonnaise-385-ml-385ml,Bama Mayonnaise 385 ml,Bama,Foodstuffs,Mayonnaise,385ml,2995,,,,,
three-crowns-evaporated-milk-160-g-160g,Three Crowns Evaporated Milk 160 g,Three Crowns,Foodstuffs,Milk,160g,815,,,,,
hollandia-full-cream-evaporated-milk-190-g-190g,Hollandia Full Cream Evaporated Milk 190 g,Hollandia,Foodstuffs,Milk,190g,1025,,,,,
titus-sardines-125-g-125g,Titus Sardines 125 g,Titus,Foodstuffs,Canned Fish,125g,2185,,,,,
geisha-mackerel-in-tomato-sauce-155-g-155g,Geisha Mackerel In Tomato Sauce 155 g,Geisha,Foodstuffs,Canned Fish,155g,1350,,,,,
heinz-baked-beans-415-g-415g,Heinz Baked Beans 415 g,Heinz,Foodstuffs,Canned Foods,415g,2300,,,,,
green-giant-niblets-sweetcorn-340-g-340g,Green Giant Niblets Sweetcorn 340 g,Green Giant,Foodstuffs,Canned Foods,340g,1430,,,,,
